<?xml version="1.0" encoding="UTF-8"?>
<project-private xmlns="http://www.netbeans.org/ns/project-private/1">
    <editor-bookmarks xmlns="http://www.netbeans.org/ns/editor-bookmarks/2" lastBookmarkId="0"/>
    <open-files xmlns="http://www.netbeans.org/ns/projectui-open-files/2">
        <group>
            <file>file:/C:/Users/Tsukandar/Documents/NetBeansProjects/APro/src/edu/apro/event/ProyekListener.java</file>
            <file>file:/C:/Users/Tsukandar/Documents/NetBeansProjects/APro/src/edu/apro/view/TambahPegawaiView.java</file>
            <file>file:/C:/Users/Tsukandar/Documents/NetBeansProjects/APro/src/edu/apro/controller/AbsensiController.java</file>
            <file>file:/C:/Users/Tsukandar/Documents/NetBeansProjects/APro/src/edu/apro/main/AProMain.java</file>
            <file>file:/C:/Users/Tsukandar/Documents/NetBeansProjects/APro/src/edu/apro/model/TabelProyekModel.java</file>
            <file>file:/C:/Users/Tsukandar/Documents/NetBeansProjects/APro/src/edu/apro/service/AProDaoPegawai.java</file>
            <file>file:/C:/Users/Tsukandar/Documents/NetBeansProjects/APro/src/edu/apro/event/PegawaiListener.java</file>
            <file>file:/C:/Users/Tsukandar/Documents/NetBeansProjects/APro/src/edu/apro/entity/AProProyek.java</file>
            <file>file:/C:/Users/Tsukandar/Documents/NetBeansProjects/APro/src/edu/apro/model/AbsensiModel.java</file>
            <file>file:/C:/Users/Tsukandar/Documents/NetBeansProjects/APro/src/edu/apro/model/TabelPegawaiModel.java</file>
            <file>file:/C:/Users/Tsukandar/Documents/NetBeansProjects/APro/src/edu/apro/view/AbsensiPegawaiView.java</file>
            <file>file:/C:/Users/Tsukandar/Documents/NetBeansProjects/APro/src/edu/apro/service/AProDaoAbsensi.java</file>
            <file>file:/C:/Users/Tsukandar/Documents/NetBeansProjects/APro/src/edu/apro/model/TabelAbsensiModel.java</file>
            <file>file:/C:/Users/Tsukandar/Documents/NetBeansProjects/APro/src/edu/apro/entity/AProAbsensi.java</file>
            <file>file:/C:/Users/Tsukandar/Documents/NetBeansProjects/APro/src/edu/apro/service/AProDaoProyek.java</file>
            <file>file:/C:/Users/Tsukandar/Documents/NetBeansProjects/APro/src/edu/apro/database/AProDatabase.java</file>
            <file>file:/C:/Users/Tsukandar/Documents/NetBeansProjects/APro/src/edu/apro/view/AProMainView.java</file>
            <file>file:/C:/Users/Tsukandar/Documents/NetBeansProjects/APro/src/edu/apro/impl/AProDaoPegawaiImpl.java</file>
            <file>file:/C:/Users/Tsukandar/Documents/NetBeansProjects/APro/src/edu/apro/model/PegawaiModel.java</file>
            <file>file:/C:/Users/Tsukandar/Documents/NetBeansProjects/APro/src/edu/apro/entity/AProPegawai.java</file>
            <file>file:/C:/Users/Tsukandar/Documents/NetBeansProjects/APro/src/edu/apro/impl/AProDaoAbsensiImpl.java</file>
            <file>file:/C:/Users/Tsukandar/Documents/NetBeansProjects/APro/src/edu/apro/error/AProException.java</file>
            <file>file:/C:/Users/Tsukandar/Documents/NetBeansProjects/APro/src/edu/apro/impl/AProDaoProyekImpl.java</file>
            <file>file:/C:/Users/Tsukandar/Documents/NetBeansProjects/APro/src/edu/apro/view/TambahProyekView.java</file>
            <file>file:/C:/Users/Tsukandar/Documents/NetBeansProjects/APro/src/edu/apro/model/ProyekModel.java</file>
            <file>file:/C:/Users/Tsukandar/Documents/NetBeansProjects/APro/src/edu/apro/controller/PegawaiController.java</file>
            <file>file:/C:/Users/Tsukandar/Documents/NetBeansProjects/APro/src/edu/apro/controller/ProyekController.java</file>
            <file>file:/C:/Users/Tsukandar/Documents/NetBeansProjects/APro/src/edu/apro/event/AbsensiListener.java</file>
        </group>
    </open-files>
</project-private>
